<ImportExportXml xmlns:xsi="http://www.w3.org/2001/XMLSchema-instance">
  <Entities></Entities>
  <Roles></Roles>
  <Workflows>
    <Workflow WorkflowId="{8839a4aa-1ab5-4323-aa7d-b6721943657f}" Name="CLIA">
      <JsonFileName>/Workflows/CLIA-8839A4AA-1AB5-4323-AA7D-B6721943657F.json</JsonFileName>
      <Type>1</Type>
      <Subprocess>0</Subprocess>
      <Category>6</Category>
      <Mode>0</Mode>
      <Scope>4</Scope>
      <OnDemand>0</OnDemand>
      <TriggerOnCreate>0</TriggerOnCreate>
      <TriggerOnDelete>0</TriggerOnDelete>
      <AsyncAutodelete>0</AsyncAutodelete>
      <SyncWorkflowLogOnFailure>0</SyncWorkflowLogOnFailure>
      <StateCode>1</StateCode>
      <StatusCode>2</StatusCode>
      <RunAs>1</RunAs>
      <IsTransacted>1</IsTransacted>
      <IntroducedVersion>1.0</IntroducedVersion>
      <IsCustomizable>1</IsCustomizable>
      <BusinessProcessType>0</BusinessProcessType>
      <UIFlowType>2</UIFlowType>
      <IsCustomProcessingStepAllowedForOtherPublishers>1</IsCustomProcessingStepAllowedForOtherPublishers>
      <Metadata>{"isvalid":true,"schemaVersion":"ROBIN_20211012","containsActiveConnections":false}</Metadata>
      <Inputs>{"schema":{"required":["DaysBeforeExpiration"],"properties":{"DaysBeforeExpiration":{"isOptional":false,"default":"","description":"Days before expiration","format":null,"title":"DaysBeforeExpiration","type":"number","value":"60"}},"type":"object"}}</Inputs>
      <Outputs>{"schema":{"properties":{"DesktopFlowSummary":{"default":"","description":"","format":null,"title":"DesktopFlowSummary","type":"string","value":null}},"type":"object"}}</Outputs>
      <Dependencies>{"childFlows":[],"workQueues":[]}</Dependencies>
      <ConnectionReferences>[]</ConnectionReferences>
      <Definition>"@@ConnectionString: ''\r\n@@Type: 'Local'\r\n@@DesktopType: 'local'\r\n@@DisplayName: 'Local computer'\r\nIMPORT 'controlRepo.appmask' AS appmask\r\nIMPORT 'imageRepo.imgrepo' AS imgrepo\r\n@SENSITIVE: []\r\n@INPUT DaysBeforeExpiration : { 'Description': 'Days before expiration', 'FriendlyName': 'DaysBeforeExpiration', 'Type': 'Numeric', 'IsOptional': False, 'DefaultValue': 60 } \r\n@OUTPUT DesktopFlowSummary : { 'Description': '', 'FriendlyName': 'DesktopFlowSummary', 'Type': 'String' } \r\nExcel.LaunchExcel.LaunchAndOpenUnderExistingProcess Path: $'''C:\\\\Users\\\\apremkumar\\\\OneDrive - Microsoft\\\\Documents\\\\Abhijeet\\\\Opportunities\\\\Sutter\\\\CLIA Automation\\\\CLIA_ Tracking Template_Edited.xlsx''' Visible: True ReadOnly: False Instance=&gt; SouceFileExcelInstance\r\nExcel.GetFirstFreeColumnRow Instance: SouceFileExcelInstance FirstFreeColumn=&gt; FirstFreeColumn FirstFreeRow=&gt; FirstFreeRow\r\nExcel.ReadFromExcel.ReadCells Instance: SouceFileExcelInstance StartColumn: $'''A''' StartRow: 1 EndColumn: FirstFreeColumn - 1 EndRow: FirstFreeRow - 1 ReadAsText: False FirstLineIsHeader: True RangeValue=&gt; SourceExcelData\r\nDateTime.GetCurrentDateTime.Local DateTimeFormat: DateTime.DateTimeFormat.DateAndTime CurrentDateTime=&gt; CurrentDateTime\r\nSET RowNumber TO 2\r\nSET URL TO $'''A'''\r\nSET DesktopFlowSummaryData TO { ^['CLIA #', 'Exp Date', 'Medical Director Email', 'Lab Quality Administration'] }\r\nWebAutomation.LaunchEdge.LaunchEdgePressDialogButton Url: $'''https://qcor.cms.gov/''' WindowState: WebAutomation.BrowserWindowState.Maximized ClearCache: False ClearCookies: False WaitForPageToLoadTimeout: 60 DialogButton: $'''OK''' Timeout: 60 PiPUserDataFolderMode: WebAutomation.PiPUserDataFolderModeEnum.AutomaticProfile BrowserInstance=&gt; Browser\r\nLOOP FOREACH CurrentItem IN SourceExcelData\r\n    SET CLIAId TO CurrentItem['CLIA #']\r\n    SET URL TO $'''https://qcor.cms.gov/active_popup.jsp?year_value=&amp;jump=1&amp;begin_year=&amp;end_year=&amp;which=4&amp;type=P&amp;provider=22&amp;report=active_CLIA.jsp&amp;prvdr_intrnl_num=%CLIAId%&amp;prov_num=%CLIAId%'''\r\n    WebAutomation.GoToWebPage.GoToWebPage BrowserInstance: Browser Url: URL WaitForPageToLoadTimeout: 60\r\n    WebAutomation.ExtractData.ExtractHtmlTable BrowserInstance: Browser Control: $'''html &gt; body &gt; div:eq(2) &gt; table''' ExtractionParameters: {[$'''CLIA Identification Number:''', $'''05D0671299\n          '''], [$'''''', $''''''] } PostProcessData: False TimeoutInSeconds: 60 ExtractedData=&gt; CLIAWebPageTable\r\n    ON ERROR\r\n        SET TimeDifference TO -1\r\n        GOTO ExpirationLabel\r\n    END\r\n    SET MedicalDirectorEmail TO CurrentItem['Medical Director Email']\r\n    SET LabQualityAdministrationEmail TO CurrentItem['Lab Quality Administration']\r\n    Variables.FindOrReplaceInDataTable.FindItemInDataTableEverywhere DataTable: CLIAWebPageTable AllMatches: True ValueToFind: $'''Certificate Expiration Date:''' MatchCase: False MatchEntireCellContents: False DataTableMatches=&gt; DataTableMatches\r\n    SET RowFound TO DataTableMatches[0]['Row']\r\n    Text.ToNumber Text: RowFound Number=&gt; RowFound\r\n    SET ExpirationDate TO CLIAWebPageTable[RowFound][1]\r\n    Text.Trim Text: ExpirationDate TrimOption: Text.TrimOption.Both TrimmedText=&gt; ExpirationDate\r\n    DateTime.Subtract FromDate: ExpirationDate SubstractDate: CurrentDateTime TimeUnit: DateTime.DifferenceTimeUnit.Days TimeDifference=&gt; TimeDifference\r\n    LABEL ExpirationLabel\r\n    IF TimeDifference &lt;= 0 THEN\r\n        SET ExpirationDate TO $'''Expired'''\r\n        SET DesktopFlowSummaryData TO DesktopFlowSummaryData + [CLIAId, ExpirationDate, MedicalDirectorEmail, LabQualityAdministrationEmail]\r\n    END\r\n    Excel.WriteToExcel.WriteCell Instance: SouceFileExcelInstance Value: ExpirationDate Column: 6 Row: RowNumber\r\n    IF TimeDifference &gt; 0 THEN\r\n        IF TimeDifference &lt;= DaysBeforeExpiration THEN\r\n            SET DesktopFlowSummaryData TO DesktopFlowSummaryData + [CLIAId, ExpirationDate, MedicalDirectorEmail, LabQualityAdministrationEmail]\r\n        END\r\n    END\r\n    Variables.IncreaseVariable Value: RowNumber IncrementValue: 1\r\nEND\r\nWebAutomation.CloseWebBrowser BrowserInstance: Browser\r\nExcel.CloseExcel.CloseAndSave Instance: SouceFileExcelInstance\r\nExcel.LaunchExcel.LaunchUnderExistingProcess Visible: True Instance=&gt; SummaryReportExcelInstance\r\nExcel.WriteToExcel.WriteCell Instance: SummaryReportExcelInstance Value: DesktopFlowSummaryData.ColumnHeadersRow Column: $'''A''' Row: 1\r\nExcel.WriteToExcel.WriteCell Instance: SummaryReportExcelInstance Value: DesktopFlowSummaryData Column: $'''A''' Row: 2\r\nText.ConvertDateTimeToText.FromCustomDateTime DateTime: CurrentDateTime CustomFormat: $'''yyyy-MM-dd''' Result=&gt; FormattedDateTime\r\nSET SummaryReportFileNameWithPath TO $'''C:\\\\Users\\\\apremkumar\\\\OneDrive - Microsoft\\\\Documents\\\\Abhijeet\\\\Opportunities\\\\Sutter\\\\CLIA Automation\\\\Test Reports\\\\CLIASummaryReport_%FormattedDateTime%.xlsx'''\r\nExcel.CloseExcel.CloseAndSaveAs Instance: SummaryReportExcelInstance DocumentFormat: Excel.ExcelFormat.OpenXmlWorkbook DocumentPath: SummaryReportFileNameWithPath\r\nSET CustomObject TO {{ }}\r\nSET CustomObject['ExpiringRecords'] TO DesktopFlowSummaryData\r\nVariables.ConvertCustomObjectToJson CustomObject: CustomObject Json=&gt; CustomObjectAsJson\r\nSET DesktopFlowSummary TO CustomObjectAsJson\r\n"</Definition>
      <SchemaVersion>2022.06</SchemaVersion>
      <DesktopFlowModules>[]</DesktopFlowModules>
      <PrimaryEntity>none</PrimaryEntity>
      <LocalizedNames>
        <LocalizedName languagecode="1033" description="CLIA" />
      </LocalizedNames>
    </Workflow>
  </Workflows>
  <FieldSecurityProfiles></FieldSecurityProfiles>
  <Templates />
  <EntityMaps />
  <EntityRelationships />
  <OrganizationSettings />
  <optionsets />
  <CustomControls />
  <EntityDataProviders />
  <Languages>
    <Language>1033</Language>
  </Languages>
</ImportExportXml>